ZTime,Time,Lon,Lat,Event,Magnitude,City,County,State,Source,Wfo,Remarks
20170110184800,20170110104800,-121.92,37.53,HIGH SUST WINDS,33,4 E FREMONT,ALAMEDA,CA,MESONET,,CALAVERAS ROAD RAWS. ELEVATION 1230 FEET.
20170110223000,20170110143000,-122.09,37.36,FLOOD,-9999,4 NW CUPERTINO,SANTA CLARA,CA,TRAINED SPOTTER,,HEAVY RAIN .25 TO .49 INCHES PER HOUR. STREETS STARTING TO FLOOD
20170111040000,20170110200000,-122.04,37.36,FLOOD,-9999,2 SSW SUNNYVALE,SANTA CLARA,CA,LAW ENFORCEMENT,,FLOODING OVER RIGHT LANE AND INTO KEFT LANE ON HWY 280 AND 85 OFF RAMP
20170119185900,20170119105900,-121.97,37.35,HAIL,0,5 N CAMPBELL,SANTA CLARA,CA,TRAINED SPOTTER,,
20170122113200,20170122033200,-121.92,37.43,NON-TSTM WND DMG,-9999,1 W MILPITAS,SANTA CLARA,CA,LAW ENFORCEMENT,,TREES DOWN - LANE BLOCKED
20170123212100,20170123132100,-122.02,37.28,HAIL,0,4 W CAMPBELL,SANTA CLARA,CA,TRAINED SPOTTER,,
20170123222500,20170123142500,-122.14,37.4,HAIL,0,PALO ALTO,SANTA CLARA,CA,PUBLIC,,PEA SIZED HAIL REPORTED.
20170123222500,20170123142500,-122.03,37.39,HAIL,0,SUNNYVALE,SANTA CLARA,CA,PUBLIC,,PEA SIZED HAIL REPORTED.
20170123223000,20170123143000,-122.1,37.37,HAIL,0,LOS ALTOS,SANTA CLARA,CA,PUBLIC,,PEA SIZED HAIL REPORTED
